<?xml version="1.0" encoding="UTF-8" standalone="yes"?>
<transaction xmlns="http://www.w3schools.com" transactionName="PFMHT010" application="PFMH" version="01" country="PE" language="ES">
	<paramsIn>
		<dto order="1" name="InputListInvestmentFundsDTO" mandatory="0" package="com.bbva.pfmh.dto.jcisconnector.ffmm.commons.InputListInvestmentFundsDTO" artifactId="PFMHC010">
			<parameter order="1" name="customerId" mandatory="0" type="String" size="8"/>
			<parameter order="2" name="paginationKey" mandatory="0" type="String" size="35"/>
			<parameter order="3" name="pageSize" mandatory="0" type="Long" size="3"/>
			<parameter order="4" name="profileId" mandatory="0" type="String" size="20"/>
		</dto>
	</paramsIn>
	<paramsOut>
		<list order="1" name="data" mandatory="1">
			<dto order="1" name="Type" mandatory="0" package="com.bbva.pfmh.dto.jcisconnector.ffmm.investmen.InvestmentFund" artifactId="PFMHC010">
				<parameter order="1" name="number" mandatory="1" type="String" size="20"/>
				<parameter order="2" name="investmentFundId" mandatory="1" type="String" size="20"/>
				<parameter order="3" name="isVisible" mandatory="0" type="Boolean" size="0"/>
				<dto order="4" name="numberType" mandatory="1" package="com.bbva.pfmh.dto.jcisconnector.ffmm.investmen.InvestmentFundNumberType" artifactId="PFMHC010">
					<parameter order="1" name="id" mandatory="1" type="String" size="1"/>
					<parameter order="2" name="name" mandatory="1" type="String" size="30"/>
				</dto>
				<dto order="5" name="investmentFundType" mandatory="1" package="com.bbva.pfmh.dto.jcisconnector.ffmm.investmen.InvestmentFundType" artifactId="PFMHC010">
					<parameter order="1" name="id" mandatory="1" type="String" size="6"/>
					<parameter order="2" name="name" mandatory="1" type="String" size="6"/>
				</dto>
				<list order="6" name="funds" mandatory="0">
					<dto order="1" name="Type" mandatory="0" package="com.bbva.pfmh.dto.jcisconnector.ffmm.investmen.Fund" artifactId="PFMHC010">
						<parameter order="1" name="fundId" mandatory="1" type="String" size="4"/>
						<parameter order="2" name="ownedShares" mandatory="1" type="Double" size="9"/>
						<dto order="3" name="fundPosition" mandatory="1" package="com.bbva.pfmh.dto.jcisconnector.ffmm.investmen.FundPosition" artifactId="PFMHC010">
							<parameter order="1" name="amount" mandatory="1" type="Double" size="15"/>
							<parameter order="2" name="currency" mandatory="1" type="String" size="3"/>
						</dto>
						<dto order="4" name="title" mandatory="1" package="com.bbva.pfmh.dto.jcisconnector.ffmm.investmen.Title" artifactId="PFMHC010">
							<parameter order="1" name="id" mandatory="1" type="String" size="4"/>
							<parameter order="2" name="name" mandatory="1" type="String" size="50"/>
						</dto>
						<dto order="5" name="currency" mandatory="1" package="com.bbva.pfmh.dto.jcisconnector.ffmm.investmen.FundCurrency" artifactId="PFMHC010">
							<parameter order="1" name="id" mandatory="1" type="String" size="3"/>
							<parameter order="2" name="name" mandatory="1" type="String" size="35"/>
						</dto>
						<dto order="6" name="availableFundPosition" mandatory="1" package="com.bbva.pfmh.dto.jcisconnector.ffmm.investmen.AvailableFundPosition" artifactId="PFMHC010">
							<parameter order="1" name="amount" mandatory="1" type="Double" size="15"/>
							<parameter order="2" name="currency" mandatory="1" type="String" size="3"/>
						</dto>
						<dto order="7" name="netAssetValue" mandatory="1" package="com.bbva.pfmh.dto.jcisconnector.ffmm.investmen.NetAssetValue" artifactId="PFMHC010">
							<parameter order="1" name="amount" mandatory="1" type="Double" size="9"/>
							<parameter order="2" name="currency" mandatory="1" type="String" size="3"/>
						</dto>
					</dto>
				</list>
			</dto>
		</list>
		<dto order="2" name="DTOIntPagination" mandatory="0" package="com.bbva.pfmh.dto.jcisconnector.ffmm.commons.IntPaginationDTO" artifactId="PFMHC010">
			<parameter order="1" name="paginationKey" mandatory="0" type="String" size="35"/>
			<parameter order="2" name="pageSize" mandatory="0" type="Long" size="3"/>
		</dto>
		<dto order="3" name="DTOPagination" mandatory="0" package="com.bbva.pfmh.dto.jcisconnector.ffmm.commons.PaginationDTO" artifactId="PFMHC010">
			<dto order="1" name="dtoLinks" mandatory="0" package="com.bbva.pfmh.dto.jcisconnector.ffmm.commons.LinksDTO" artifactId="PFMHC010">
				<parameter order="1" name="first" mandatory="0" type="String" size="200"/>
				<parameter order="2" name="last" mandatory="0" type="String" size="200"/>
				<parameter order="3" name="previous" mandatory="0" type="String" size="200"/>
				<parameter order="4" name="next" mandatory="0" type="String" size="200"/>
			</dto>
			<parameter order="2" name="page" mandatory="0" type="Long" size="10"/>
			<parameter order="3" name="totalPages" mandatory="0" type="Long" size="10"/>
			<parameter order="4" name="totalElements" mandatory="0" type="Long" size="10"/>
			<parameter order="5" name="pageSize" mandatory="0" type="Long" size="10"/>
		</dto>
	</paramsOut>
	<description>trx orquestadora</description>
</transaction>
