<?xml version="1.0" encoding="UTF-8"?>
<beans xmlns="http://www.springframework.org/schema/beans"
	xmlns:xsi="http://www.w3.org/2001/XMLSchema-instance" xmlns:osgi="http://www.springframework.org/schema/osgi"
	xsi:schemaLocation="http://www.springframework.org/schema/beans http://www.springframework.org/schema/beans/spring-beans.xsd
		http://www.springframework.org/schema/osgi http://www.springframework.org/schema/osgi/spring-osgi.xsd">
	<import resource="classpath:/spring/elara-aspect.xml"/>
	<bean id="pfmhR010Abstract" abstract="true" class="com.bbva.pfmh.lib.r010.impl.PFMHR010Abstract">
		<property name="applicationConfigurationService" ref="applicationConfigurationService"/>
		<property name="fmc7Connection" ref="fmc7Connection"/>
		<property name="pfmhR015" ref="pfmhR015"/>
	</bean>
	<bean id="applicationConfigurationService" factory-bean="applicationConfigurationServiceFactory" factory-method="getApplicationConfigurationService">
		<constructor-arg type="org.osgi.framework.BundleContext" ref="bundleContext"/>
	</bean>
</beans>
